x,category
0,585,260
1,1515
2,1515
3,324,1398
4,608,185
5,832,260
6,1515
7,1515
8,585,469
9,1515
10,1515
11,1515
12,1515
13,260,935
14,1515
15,260,1100
16,1515
17,1515
18,1515
19,1515
20,1515
21,260,935
22,1515
23,810,324
24,324,1398
25,1515
26,260,464
27,1515
28,1515
29,585,469
30,1515
31,324,935
32,1515
33,1515
34,260,464
35,608,1100
36,1515
37,608,1100
38,810,324
39,1515
40,608,1100
41,1515
42,1515
43,1515
44,1515
45,260,900
46,810,324
47,608,1100
48,469,913
49,260,1410
50,1515
51,324,464
52,260,900
53,1515
54,1515
55,1515
56,1515
57,1515
58,1515
59,832,260
60,1515
61,1515
62,585,260
63,1515
64,1515
65,1515
66,1515
67,1515
68,1515
69,1515
70,1515
71,1515
72,1515
73,1515
74,1515
75,1515
76,1515
77,585,260
78,1515
79,369,608
80,1515
81,1515
82,1515
83,608,1179
84,1515
85,1515
86,260,464
87,1515
88,1515
89,832,260
90,608,1100
91,1515
92,1515
93,1515
94,585,1446
95,1515
96,1515
97,1515
98,1515
99,1515
100,1515
101,260,1398
102,585,260
103,260,1398
104,1515
105,1515
106,608,1409
107,260,935
108,1515
109,1515
110,260,935
111,608,1179
112,1515
113,1515
114,1515
115,324,935
116,1515
117,608,1100
118,1515
119,608,1100
120,1021,913
121,1515
122,1515
123,1515
124,1515
125,608,1409
126,608,1100
127,585,469
128,1515
129,260,900
130,585,260
131,1515
132,1515
133,1515
134,1515
135,608,1100
136,1515
137,608,1179
138,1515
139,260,935
140,1515
141,1515
142,1515
143,1515
144,1515
145,260,935
146,260,900
147,1515
148,1515
149,585,260
150,260,464
151,1515
152,1515
153,832,260
154,469,913
155,608,1409
156,1515
157,608,1100
158,1515
159,1515
160,832,260
161,608,1100
162,608
163,1515
164,1515
165,608,1100
166,1515
167,1515
168,1515
169,260,935
170,1515
171,1515
172,1515
173,608,1409
174,260,1398
175,585,260
176,1515
177,1515
178,1515
179,1515
180,608,1100
181,1515
182,1515
183,324,464
184,1515
185,260,935
186,1515
187,1515
188,585,260
189,260,935
190,585,260
191,1515
192,260,1398
193,1515
194,1515
195,1515
196,324,464
197,608,1100
198,1515
199,1515
200,1515
201,608,1100
202,585,469
203,1515
204,1515
205,324,375
206,1515
207,585,260
208,1515
209,1515
210,608,1409
211,1515
212,1515
213,585,260
214,832,260
215,1515
216,324,1398
217,260,935
218,1515
219,1515
220,1515
221,1515
222,585,260
223,260,464
224,608,1100
225,324,464
226,585,260
227,1515
228,1515
229,1515
230,260,464
231,1515
232,1515
233,1515
234,260,935
235,469,913
236,1515
237,832,260
238,608,1100
239,1515
240,1515
241,608,1100
242,1515
243,832,260
244,1515
245,1515
246,1515
247,1515
248,1096,370
249,324,935
250,1515
251,585,469
252,1515
253,1515
254,1515
255,1515
256,608,1100
257,324,1398
258,1515
259,810,324
260,585,260
261,608,1100
262,184,504
263,1515
264,1515
265,810,324
266,1515
267,832,260
268,1515
269,1515
270,1515
271,585,260
272,1515
273,324,900
274,1515
275,608,1100
276,469,913
277,1515
278,260,1410
279,608,1100
280,324,935
281,810,324
282,608,1100
283,1515
284,369,1021
285,324,900
286,1515
287,1515
288,1515
289,1515
290,1515
291,1515
292,608,1409
293,1515
294,260,900
295,585,260
296,469,913
297,324,464
298,1515
299,1515
300,810,324
301,260,935
302,1515
303,608,1100
304,1515
305,1515
306,260,1100
307,260,464
308,608,1100
309,1515
310,260,647
311,1515
312,1005,1347
313,608,1100
314,1515
315,608,1409
316,260,900
317,1515
318,260,935
319,1515
320,1515
321,608,1100
322,1515
323,1515
324,1515
325,1515
326,260,935
327,1515
328,1515
329,1515
330,1515
331,608,1100
332,1515
333,1515
334,1515
335,1515
336,585,260
337,608,788
338,585,260
339,1515
340,1515
341,1515
342,832,260
343,608,1100
344,1515
345,832,260
346,1515
347,1515
348,608,1100
349,1515
350,832,260
351,1515
352,1515
353,260,935
354,608,1100
355,1515
356,1515
357,260,464
358,1515
359,1515
360,1515
361,1515
362,1515
363,1515
364,1515
365,1515
366,369,1021
367,1515
368,1515
369,1515
370,1515
371,1515
372,1515
373,1515
374,1515
375,608,1179
376,1515
377,1515
378,1515
379,1515
380,260,935
381,1515
382,608,1100
383,608,1100
384,810,324
385,1515
386,1515
387,1515
388,810,324
389,585,469
390,1515
391,369,324
392,585,608
393,608,1100
394,1515
395,608,1100
396,1515
397,1515
398,1515
399,1515
400,469,913
401,1515
402,260,1410
403,608,1100
404,1515
405,1515
406,585,260
407,832,260
408,1177,1078
409,1515
410,1515
411,1515
412,832,260
413,260,1398
414,1515
415,260,1398
416,1515
417,1515
418,608,1179
419,832,260
420,608,1100
421,1515
422,1515
423,369,1021
424,260,935
425,1515
426,1515
427,324,464
428,1515
429,1515
430,822,230
431,260,282
432,1515
433,585,260
434,1515
435,585,469
436,1515
437,1515
438,1515
439,1515
440,1515
441,585,260
442,1515
443,585,608
444,608,1100
445,1515
446,1515
447,1515
448,608,1100
449,1515
450,608,1100
451,585,260
452,1021,712
453,1515
454,1515
455,832,260
456,1515
457,832,260
458,1515
459,585,469
460,260,464
461,810,324
462,324,935
463,1515
464,832,260
465,608,1100
466,1515
467,585,260
468,832,709
469,1515
470,1515
471,1515
472,608,1100
473,260,1398
474,1515
475,260,1410
476,1515
477,608,1100
478,1515
479,324,1398
480,832,260
481,1515
482,1515
483,184,1367
484,1005,1347
485,1515
486,608,1100
487,1515
488,1515
489,1515
490,260,935
491,1515
492,1515
493,1515
494,260,1410
495,585,469
496,260,1410
497,260,647
498,260,935
499,1021,913
500,1515
501,260,935
502,1515
503,1005,480
504,1515
505,608,1100
506,1515
507,810,324
508,1515
509,469,913
510,608,1100
511,1515
512,1515
513,1515
514,260,935
515,832,260
516,608,1100
517,1515
518,608,1100
519,1515
520,1515
521,608,491
522,260,935
523,1515
524,1515
525,832,260
526,608,1100
527,184,698
528,1515
529,1515
530,1515
531,608,1100
532,1515
533,369,324
534,1515
535,608,1100
536,585,260
537,585,469
538,1515
539,260,1410
540,1515
541,1515
542,1515
543,324,1410
544,260,1398
545,1515
546,608,1100
547,832,260
548,1515
549,1515
550,1515
551,1515
552,1515
553,260,464
554,1515
555,1515
556,1515
557,1515
558,1515
559,260,464
560,585,469
561,260,935
562,1515
563,324,935
564,1515
565,369,1050
566,1515
567,608,1100
568,832,260
569,1515
570,585,469
571,585,260
572,1515
573,1515
574,1515
575,1515
576,1515
577,608,1100
578,1515
579,608,1100
580,1515
581,1515
582,1515
583,1515
584,1515
585,1515
586,1515
587,1515
588,1515
589,1515
590,1515
591,1515
592,1515
593,1515
594,324,1398
595,608,788
596,608,1100
597,1515
598,1515
599,260,282
600,1515
601,1515
602,832,260
603,608,1100
604,585,260
605,1515
606,1515
607,608,1409
608,369,324
609,1515
610,260,1410
611,260,935
612,369,1021
613,1515
614,585,260
615,1515
616,1515
617,1515
618,260,1410
619,1515
620,608,1100
621,1515
622,585,260
623,585,608
624,1515
625,1515
626,608,1100
627,1515
628,324,935
629,260,1398
630,1515
631,1515
632,1515
633,324,1398
634,1515
635,1515
636,1515
637,260,464
638,1515
639,1515
640,1515
641,1515
642,1515
643,608,788
644,1515
645,324,900
646,585,260
647,1515
648,1515
649,324,464
650,1515
651,260,464
652,260,464
653,1515
654,1515
655,1515
656,832,260
657,1515
658,1515
659,1515
660,260,900
661,260,1398
662,1515
663,260,935
664,608,1100
665,608
666,585,260
667,1515
668,1515
669,1515
670,1515
671,260,900
672,19,370
673,608,765
674,1515
675,1515
676,1515
677,585,608
678,1515
679,1515
680,1515
681,608,1100
682,324,464
683,260,935
684,1515
685,608,1100
686,260,464
687,832,260
688,184,282
689,1515
690,260,1398
691,1515
692,585,469
693,1515
694,1515
695,1515
696,184,1021
697,1515
698,1515
699,1515
700,469,913
701,1515
702,1515
703,832,260
704,324,935
705,1515
706,1515
707,1515
708,1515
709,1515
710,260,1410
711,822,230
712,1515
713,1515
714,1515
715,1515
716,1515
717,608,1100
718,260,900
719,608,1100
720,1515
721,608,1100
722,1515
723,1515
724,1515
725,608,1100
726,608,1100
727,1515
728,469,913
729,1515
730,608,765
731,1515
732,608,1100
733,1515
734,1515
735,1515
736,1515
737,1515
738,810,324
739,832,260
740,1515
741,1515
742,1515
743,324,464
744,1515
745,608,1100
746,1515
747,260,1410
748,1515
749,1515
750,1515
751,1515
752,1515
753,1515
754,1515
755,1515
756,1515
757,1515
758,1515
759,1515
760,260,1398
761,260,464
762,369,1021
763,324,935
764,1515
765,1515
766,1515
767,1515
768,260,935
769,260,900
770,608,1100
771,1515
772,1515
773,608,1100
774,260,900
775,1515
776,1515
777,1515
778,362,480
779,1515
780,1515
781,1515
782,1515
783,1515
784,1515
785,1515
786,1515
787,608,1100
788,1515
789,1515
790,585,260
791,585,260
792,832,260
793,1515
794,260,900
795,1515
796,1515
797,260,935
798,585,469
799,1515
800,324,1398
801,1515
802,260,900
803,832,260
804,608,1100
805,324,464
806,585,260
807,1515
808,832,260
809,608,1100
810,1515
811,324,464
812,585,608
813,1515
814,1515
815,1515
816,1515
817,1515
818,1515
819,585,469
820,1515
821,1515
822,1515
823,369,1021
824,1515
825,585,260
826,608,158
827,324,1410
828,1515
829,260,282
830,369,324
831,1515
832,1515
833,1515
834,1515
835,608,1100
836,1515
837,1515
838,608,1100
839,1515
840,260,464
841,832,260
842,608,1100
843,1515
844,1515
845,1515
846,585,260
847,832,260
848,608,1100
849,608,1100
850,832,260
851,1515
852,1515
853,832,260
854,1515
855,324,935
856,608,1179
857,1515
858,1515
859,1515
860,1068,25
861,810,324
862,1515
863,1515
864,1515
865,1515
866,1515
867,1515
868,810,324
869,832,260
870,1515
871,1515
872,260,1100
873,810,324
874,1515
875,608,1100
876,1515
877,1515
878,608,1100
879,1515
880,832,260
881,832,260
882,1515
883,1515
884,1515
885,608,1100
886,608,1100
887,260,935
888,260,464
889,1515
890,585,469
891,1515
892,1515
893,810,324
894,260,935
895,1515
896,260,464
897,1515
898,1515
899,1515
900,1515
901,1515
902,1515
903,608,1100
904,608,788
905,810,324
906,1515
907,1515
908,1515
909,585,469
910,1515
911,832,260
912,1515
913,324,935
914,608,1100
915,1515
916,1515
917,1515
918,184,1021
919,1515
920,585,260
921,1515
922,1515
923,832,260
924,1515
925,1515
926,1515
927,1515
928,832,260
929,1515
930,1515
931,585,260
932,1515
933,608,1100
934,260,935
935,1515
936,1515
937,260,647
938,260,935
939,832,260
940,608,1100
941,1515
942,1515
943,1515
944,585,469
945,832,260
946,1515
947,1515
948,1515
949,1515
950,369,1021
951,810,324
952,260,935
953,362,22
954,585,469
955,1515
956,1515
957,1515
958,324,935
959,1515
960,1515
961,260,935
962,715,260
963,260,1410
964,1515
965,1515
966,1515
967,1515
968,1515
969,585,260
970,260,464
971,1515
972,1515
973,324,464
974,260,1398
975,369,1021
976,608,1179
977,608,1100
978,260,1410
979,260,1398
980,1515
981,832,260
982,1515
983,1515
984,1515
985,1515
986,260,464
987,1515
988,1515
989,324,1398
990,608,1100
991,1515
992,324,935
993,260,935
994,1515
995,810,324
996,260,935
997,1515
998,608,1100
999,1515
1000,1515
1001,1515
1002,1515
1003,585,260
1004,1515
1005,1021,913
1006,608,1100
1007,1515
1008,1515
1009,1515
1010,1515
1011,1515
1012,832,260
1013,1515
1014,608,1100
1015,608,1100
1016,1515
1017,469,913
1018,1515
1019,260,1410
1020,1515
1021,1515
1022,1515
1023,1515
1024,1515
1025,1515
1026,260,1398
1027,608,1100
1028,1515
1029,1515
1030,1515
1031,608,1179
1032,260,464
1033,1515
1034,1515
1035,1515
1036,585,260
1037,1005,480
1038,608,1179
1039,1515
1040,1515
1041,1515
1042,1515
1043,1515
1044,608,1100
1045,1515
1046,585,260
1047,1515
1048,1005,480
1049,810,324
1050,1515
1051,1515
1052,1515
1053,1515
1054,608,1179
1055,1515
1056,1515
1057,1515
1058,1515
1059,832,260
1060,608,1100
1061,1515
1062,1515
1063,1515
1064,1515
1065,1515
1066,1515
1067,608,1100
1068,469,913
1069,1515
1070,1515
1071,608,1409
1072,1515
1073,608,1179
1074,1515
1075,832,260
1076,585,260
1077,585,469
1078,1515
1079,1515
1080,1515
1081,1515
1082,260,1398
1083,1515
1084,1515
1085,1515
1086,1515
1087,1515
1088,1515
1089,1515
1090,608,1409
1091,1515
1092,608,788
1093,832,260
1094,1515
1095,585,469
1096,608,1100
1097,1515
1098,1515
1099,1515
1100,1515
1101,1496,324
1102,324,464
1103,585,260
1104,585,260
1105,260,1398
1106,1515
1107,324,935
1108,1515
1109,1515
1110,260,935
1111,608,1100
1112,1515
1113,1515
1114,1515
1115,1515
1116,260,935
1117,1515
1118,1515
1119,1515
1120,1515
1121,608,1100
1122,1515
1123,1515
1124,1515
1125,1515
1126,1515
1127,1515
1128,260,464
1129,608,1100
1130,260,464
1131,1515
1132,260,1410
1133,1515
1134,1515
1135,324,464
1136,1515
1137,1515
1138,1515
1139,260,935
1140,608,1100
1141,1515
1142,1005,1347
1143,1515
1144,1515
1145,1515
1146,1515
1147,260,935
1148,1515
1149,324,273
1150,1515
1151,1515
1152,1515
1153,1515
1154,585,260
1155,1515
1156,1515
1157,324,900
1158,608,1100
1159,184,504
1160,324,464
1161,1515
1162,369,324
1163,608,1179
1164,1515
1165,1515
1166,1515
1167,1515
1168,608,1100
1169,608,1100
1170,1515
1171,1515
1172,608,1409
1173,1515
1174,1515
1175,1515
1176,1515
1177,1515
1178,1515
1179,810,324
1180,585,260
1181,608,1100
1182,1515
1183,1515
1184,469,913
1185,260,935
1186,1515
1187,1515
1188,608,1100
1189,608,1100
1190,832,260
1191,1515
1192,608,1100
1193,608,1100
1194,1515
1195,608,1100
1196,1515
1197,608,1100
1198,608,1100
1199,260,1398
1200,608,1100
1201,608,1179
1202,608,1179
1203,1515
1204,608,1100
1205,1515
1206,1515
1207,1515
1208,608,1100
1209,608,1100
1210,1515
1211,608,1100
1212,260,464
1213,608,1179
1214,260,1398
1215,1515
1216,1515
1217,1515
1218,1515
1219,1515
1220,608,1100
1221,1515
1222,608,1100
1223,1515
1224,1515
1225,1515
1226,260,464
1227,324,273
1228,1515
1229,260,464
1230,260,464
1231,260,464
1232,1515
1233,1515
1234,260,464
1235,1515
1236,608,1100
1237,1515
1238,1515
1239,260,1398
1240,260,464
1241,1515
1242,1515
1243,1515
1244,1515
1245,608,1100
1246,260,935
1247,1515
1248,1515
1249,1515
1250,324,1410
1251,1515
1252,1515
1253,1515
1254,260,464
1255,832,260
1256,1515
1257,1515
1258,608,1100
1259,585,469
1260,1515
1261,1515
1262,260,464
1263,1515
1264,810,324
1265,832,260
1266,1515
1267,608,712
1268,1515
1269,1515
1270,608,1100
1271,1515
1272,1515
1273,1515
1274,1515
1275,1515
1276,1515
1277,608,1100
1278,1515
1279,324,935
1280,1515
1281,1515
1282,1515
1283,1515
1284,324,935
1285,1515
1286,585,260
1287,1515
1288,260,935
1289,1515
1290,1515
1291,1515
1292,260,464
1293,608,1100
1294,1515
1295,469,913
1296,1515
1297,1515
1298,1515
1299,260,935
1300,1515
1301,260,464
1302,608,1100
1303,1515
1304,1515
1305,1515
1306,585,469
1307,260,1398
1308,260,1398
1309,1515
1310,1515
1311,260,464
1312,1515
1313,1515
1314,1515
1315,1515
1316,1515
1317,1515
1318,608,1100
1319,1515
1320,1515
1321,832,260
1322,585,260
1323,832,260
1324,1515
1325,832,260
1326,1515
1327,260,935
1328,324,1410
1329,608,1100
1330,324,464
1331,1515
1332,585,260
1333,260,1398
1334,260,1398
1335,324,1410
1336,1515
1337,1515
1338,810,324
1339,832,260
1340,260,935
1341,1515
1342,1515
1343,1515
1344,362,480
1345,260,935
1346,1515
1347,585,260
1348,1515
1349,260,900
1350,1515
1351,1515
1352,362,22
1353,1515
1354,1515
1355,1515
1356,324,464
1357,1515
1358,608,1100
1359,469,913
1360,260,1343
1361,324,1410
1362,608,1100
1363,1515
1364,1515
1365,585,260
1366,1515
1367,260,1398
1368,810,324
1369,1515
1370,1515
1371,1515
1372,1515
1373,1515
1374,832,260
1375,1515
1376,1515
1377,1515
1378,369,324
1379,1515
1380,1515
1381,585,260
1382,832,260
1383,1515
1384,608,1100
1385,1515
1386,1515
1387,1515
1388,1515
1389,1515
1390,260,1398
1391,1515
1392,260,1398
1393,810,324
1394,832,260
1395,585,260
1396,1515
1397,1515
1398,608,1100
1399,1515
1400,260,464
1401,1515
1402,585,260
1403,1515
1404,324,464
1405,585,260
1406,1515
1407,608,1100
1408,585,260
1409,1515
1410,832,260
1411,1515
1412,1515
1413,1515
1414,1515
1415,1515
1416,608,1100
1417,469,913
1418,1515
1419,608,1100
1420,1515
1421,585,469
1422,1515
1423,1515
1424,608,1100
1425,832,260
1426,832,260
1427,832,260
1428,585,469
1429,585,260
1430,832,260
1431,832,260
1432,1515
1433,1515
1434,1515
1435,1515
1436,1515
1437,608,765
1438,1515
1439,608,1100
1440,324,1410
1441,469,913
1442,1515
1443,1515
1444,184,698
1445,585,469
1446,1515
1447,1515
1448,1515
1449,1515
1450,1515
1451,1515
1452,585,469
1453,469,913
1454,469,913
1455,1515
1456,1515
1457,260,282
1458,1515
1459,260,1398
1460,1515
1461,1515
1462,1515
1463,1515
1464,1515
1465,1515
1466,1515
1467,1515
1468,608,1100
1469,1515
1470,608,1100
1471,608,1100
1472,1515
1473,1515
1474,1515
1475,1515
1476,1515
1477,1515
1478,1515
1479,1515
1480,1515
1481,1515
1482,469,913
1483,260,935
1484,608,1100
1485,810,324
1486,608,1100
1487,260,935
1488,1515
1489,1515
1490,1515
1491,608,1100
1492,585,260
1493,1515
1494,1515
1495,260,935
1496,832,260
1497,1515
1498,1515
1499,1515
1500,1515
1501,260,1398
1502,1515
1503,1515
1504,1515
1505,1515
1506,1515
1507,1515
1508,810,324
1509,1515
1510,1515
1511,1515
1512,1515
1513,1515
1514,1515
1515,260,935
1516,1515
1517,1515
1518,608,765
1519,1515
1520,1515
1521,369,324
1522,324,1410
1523,1515
1524,1515
1525,1515
1526,1515
1527,1515
1528,1515
1529,1515
1530,1515
1531,324,464
1532,832,260
1533,260,282
1534,1515
1535,1515
1536,608,1179
1537,1515
1538,608,1100
1539,1515
1540,585,469
1541,608,1100
1542,608,1100
1543,608,1100
1544,608,1100
1545,1515
1546,585,260
1547,832,260
1548,1005,1347
1549,1515
1550,1515
1551,608,1100
1552,1515
1553,608,1100
1554,1021,913
1555,1515
1556,1515
1557,260,900
1558,1515
1559,1515
1560,1515
1561,1515
1562,260,935
1563,324,935
1564,324,1410
1565,260,464
1566,1515
1567,324,1410
1568,260,464
1569,608,1100
1570,260,1410
1571,810,324
1572,608,1100
1573,1515
1574,1515
1575,1515
1576,1515
1577,1515
1578,260,1410
1579,1515
1580,1515
1581,369,1021
1582,1515
1583,585,260
1584,608,1100
1585,810,324
1586,1515
1587,1515
1588,1515
1589,1515
1590,1515
1591,184,698
1592,1515
1593,1515
1594,1515
1595,1515
1596,1515
1597,1515
1598,260,935
1599,608,1100
1600,1515
1601,1515
1602,260,464
1603,260,935
1604,1515
1605,1515
1606,832,260
1607,1068,25
1608,608,325
1609,260,935
1610,1515
1611,1515
1612,1515
1613,324,464
1614,608,1100
1615,1515
1616,1515
1617,260,935
1618,608,1100
1619,1515
1620,1515
1621,1515
1622,608,1100
1623,585,469
1624,1515
1625,260,464
1626,260,1398
1627,608,491
1628,1515
1629,810,324
1630,362,22
1631,1515
1632,832,260
1633,1515
1634,324,1398
1635,832,260
1636,1515
1637,1515
1638,1515
1639,260,464
1640,810,324
1641,324,935
1642,1096,370
1643,324,1410
1644,1515
1645,1515
1646,608,1100
1647,1515
1648,585,260
1649,1515
1650,1515
1651,324,464
1652,608,1100
1653,1515
1654,1515
1655,324,900
1656,1515
1657,810,324
1658,585,260
1659,1515
1660,1515
1661,1515
1662,1515
1663,832,260
1664,1515
1665,1515
1666,1515
1667,608,1100
1668,1515
1669,585,469
1670,260,1410
1671,608,1100
1672,1515
1673,832,260
1674,1515
1675,1515
1676,1515
1677,260,1410
1678,469,913
1679,260,935
1680,1515
1681,184,324
1682,260,935
1683,1515
1684,1515
1685,260,1398
1686,260,464
1687,608,1100
1688,585,469
1689,608,1100
1690,1515
1691,832,260
1692,608,1100
1693,1515
1694,608,1100
1695,608,1100
1696,260,1398
1697,608,1100
1698,585,260
1699,1515
1700,585,469
1701,1515
1702,1515
1703,260,1410
1704,1515
1705,1515
1706,1515
1707,1515
1708,608,1100
1709,324,464
1710,260,1398
1711,1515
1712,608,1100
1713,1515
1714,184,698
1715,1515
1716,1515
1717,1515
1718,1515
1719,1515
1720,260,1410
1721,1515
1722,1515
1723,1515
1724,1021,913
1725,260,1100
1726,1515
1727,1515
1728,1515
1729,585,469
1730,260,1410
1731,324,900
1732,832,260
1733,832,260
1734,608,1100
1735,585,260
1736,260,464
1737,1515
1738,1515
1739,1515
1740,260,1398
1741,1515
1742,260,464
1743,585,260
1744,1515
1745,1515
1746,260,1398
1747,608,1100
1748,324,464
1749,1515
1750,608,765
1751,608,1100
1752,608,1100
1753,832,260
1754,832,260
1755,608,1100
1756,1005,480
1757,324,464
1758,260,464
1759,1515
1760,1515
1761,832,260
1762,608,1100
1763,608,1100
1764,810,324
1765,1515
1766,1515
1767,585,260
1768,260,1398
1769,1515
1770,608,1100
1771,1515
1772,1515
1773,324,1410
1774,832,260
1775,1515
1776,1515
1777,1515
1778,585,469
1779,260,935
1780,608,1100
1781,585,260
1782,1515
1783,608,1100
1784,608,491
1785,324,935
1786,608,1100
1787,324,1410
1788,1515
1789,1515
1790,260,464
1791,1515
1792,608,1100
1793,324,1398
1794,260,935
1795,608,1100
1796,832,260
1797,1515
1798,1515
1799,1515
1800,324,935
1801,260,900
1802,1515
1803,1515
1804,1005,1347
1805,1515
1806,260,464
1807,832,260
1808,1515
1809,608,1100
1810,1515
1811,1515
1812,1515
1813,1515
1814,260,1398
1815,608,1100
1816,1515
1817,1005,1347
1818,369,1021
1819,608,1100
1820,1515
1821,608
1822,608,1100
1823,1515
1824,1515
1825,1515
1826,1515
1827,585,469
1828,1515
1829,1515
1830,608,1100
1831,1515
1832,585,469
1833,1515
1834,1515
1835,1515
1836,810,324
1837,1515
1838,260,935
1839,260,1398
1840,1515
1841,1515
1842,1515
1843,1515
1844,1515
1845,832,260
1846,585,260
1847,1515
1848,1515
1849,832,260
1850,260
1851,1515
1852,260,464
1853,1515
1854,369,1021
1855,1515
1856,1515
1857,1515
1858,1515
1859,832,260
1860,1515
1861,585,260
1862,608,1100
1863,608,1100
1864,608,1100
1865,1515
1866,585,260
1867,1515
1868,1515
1869,324,935
1870,1515
1871,1515
1872,1515
1873,608,1100
1874,324,935
1875,1515
1876,1515
1877,1515
1878,1515
1879,1515
1880,608,1100
1881,608,1100
1882,1515
1883,1515
1884,608,1100
1885,832,260
1886,260,464
1887,1515
1888,1515
1889,1515
1890,585,260
1891,608,1100
1892,585,260
1893,260,1343
1894,260,464
1895,1515
1896,324,1398
1897,585,260
1898,260,935
1899,1515
1900,260,647
1901,1515
1902,1515
1903,1515
1904,810,324
1905,369,1021
1906,810,324
1907,608,1100
1908,1515
1909,260,464
1910,1515
1911,1515
1912,608,1100
1913,1515
1914,1515
1915,1515
1916,324,935
1917,608,765
1918,260,282
1919,1515
1920,260,464
1921,1515
1922,608,1100
1923,260,464
1924,1515
1925,260,464
1926,260,1100
1927,1515
1928,1515
1929,260,935
1930,810,324
1931,1515
1932,1515
1933,1515
1934,1515
1935,1515
1936,608,296
1937,1515
1938,1515
1939,1515
1940,1515
1941,1515
1942,1515
1943,1515
1944,260,935
1945,1515
1946,1515
1947,260,647
1948,469,913
1949,1515
1950,260,935
1951,1515
1952,608,1100
1953,1515
1954,1515
1955,1515
1956,369,324
1957,608,158
1958,1515
1959,810,324
1960,1515
1961,260,464
1962,1515
1963,585,260
1964,369,1021
1965,260,935
1966,1515
1967,1515
1968,1515
1969,1515
1970,324,935
1971,1515
1972,1515
1973,1515
1974,1515
1975,832,260
1976,1515
1977,1515
1978,608,1100
1979,608,1100
1980,1515
1981,1515
1982,1515
1983,1515
1984,1515
1985,1515
1986,260,1398
1987,1515
1988,1515
1989,585,260
1990,469,913
1991,260,1398
1992,608,1100
1993,608,1100
1994,1515
1995,1515
1996,1515
1997,260,464
1998,1515
1999,608,1100
2000,1515
2001,608,1100
2002,1515
2003,1515
2004,260,935
2005,608,1100
2006,832,260
2007,1515
2008,608,1100
2009,608,1100
2010,324,464
2011,1515
2012,1515
2013,608,1100
2014,369,1021
2015,608,1100
2016,1515
2017,260,900
2018,608,1100
2019,1515
2020,1515
2021,608,1179
2022,1515
2023,260
2024,260,464
2025,1515
2026,1515
2027,369,324
2028,1515
2029,1515
2030,369,324
2031,1515
2032,1515
2033,832,260
2034,832,260
2035,1515
2036,1515
2037,260,935
2038,1515
2039,1515
2040,585,469
2041,1515
2042,260,1410
2043,608,1100
2044,608,1100
2045,1515
2046,608,1409
2047,1515
2048,260,1343
2049,260,464
2050,260,900
2051,324,935
2052,1515
2053,832,260
2054,608,1100
2055,1515
2056,1515
2057,608,1100
2058,832,260
2059,585,1446
2060,1515
2061,1515
2062,1515
2063,1515
2064,260,1343
2065,1515
2066,260,935
2067,1515
2068,1515
2069,1515
2070,324,935
2071,1515
2072,1515
2073,1515
2074,1515
2075,1515
2076,585,260
2077,1515
2078,608,1100
2079,260,935
2080,1515
2081,1515
2082,324,935
2083,1515
2084,1515
2085,1515
2086,608,1100
2087,608,1100
2088,585,260
2089,260,935
2090,1515
2091,608,1100
2092,1515
2093,608,1100
2094,1515
2095,1515
2096,1515
2097,469,913
2098,469,913
2099,1515
2100,324,1410
2101,1515
2102,1515
2103,1515
2104,260,282
2105,608,1100
2106,608,1100
2107,324,1398
2108,1515
2109,1515
2110,1515
2111,1515
2112,608,158
2113,1515
2114,608,1100
2115,260,935
2116,1515
2117,369,1021
2118,1515
2119,260,935
2120,1515
2121,1515
2122,1515
2123,1515
2124,1515
2125,1515
2126,585,260
2127,324,935
2128,1096,370
2129,1515
2130,1515
2131,260,464
2132,810,324
2133,608,1100
2134,184,698
2135,585,260
2136,1515
2137,608,1100
2138,1515
2139,1515
2140,1515
2141,324,935
2142,1515
2143,1515
2144,608,1100
2145,1515
2146,1515
2147,608,1100
2148,608,1409
2149,1515
2150,1515
2151,1515
2152,1515
2153,324,273
2154,469,913
2155,260,464
2156,608,1100
2157,1515
2158,608,1100
2159,1515
2160,1515
2161,608,1179
2162,585,469
2163,1515
2164,469,712
2165,1515
2166,810,324
2167,1515
2168,1515
2169,608,1179
2170,1515
2171,1515
2172,1515
2173,608,1100
2174,1515
2175,260,935
2176,1515
2177,1515
2178,1515
2179,1515
2180,810,324
2181,608,1100
2182,260,935
2183,1515
2184,1515
2185,1515
2186,1515
2187,608,1100
2188,1515
2189,608,1100
2190,260,464
2191,1515
2192,1515
2193,1515
2194,1515
2195,1515
2196,832,260
2197,1515
2198,1515
2199,1515
2200,1515
2201,1515
2202,608,1100
2203,469,913
2204,1515
2205,1515
2206,1515
2207,1515
2208,1515
2209,1515
2210,1515
2211,1515
2212,608,1179
2213,1515
2214,1515
2215,1515
2216,469,913
2217,1515
2218,585,469
2219,832,260
2220,260,935
2221,1515
2222,1515
2223,585,469
2224,1515
2225,1515
2226,1515
2227,1515
2228,1515
2229,608,1100
2230,1515
2231,1515
2232,608,1409
2233,1515
2234,810,324
2235,1515
2236,608,1409
2237,1515
2238,1515
2239,1515
2240,608,1409
2241,324,464
2242,608,1100
2243,1515
2244,1515
2245,1515
2246,832,260
2247,324,900
2248,324,464
2249,1515
2250,260,900
2251,585,469
2252,1515
2253,1515
2254,1515
2255,1515
2256,260,1398
2257,608,1100
2258,1515
2259,324,1410
2260,1515
2261,608,1100
2262,1515
2263,1515
2264,832,260
2265,1515
2266,1515
2267,1515
2268,832,260
2269,832,260
2270,1515
2271,1515
2272,832,260
2273,1515
2274,260,464
2275,822,230
2276,1515
2277,608,491
2278,260,464
2279,460,58
2280,1515
2281,1515
2282,832,260
2283,1515
2284,585,260
2285,1515
2286,1515
2287,1515
2288,1515
2289,1515
2290,1515
2291,1515
2292,1515
2293,1515
2294,585,260
2295,1515
2296,1515
2297,1515
2298,369,324
2299,1515
2300,1515
2301,1515
2302,832,260
2303,608,1100
2304,1515
2305,608,1100
2306,1515
2307,585,260
2308,1515
2309,608,1179
2310,608,1100
2311,1515
2312,260,464
2313,832,260
2314,832,260
2315,585,260
2316,1515
2317,1515
2318,1515
2319,1515
2320,1515
2321,832,260
2322,1515
2323,1515
2324,1515
2325,469,913
2326,260,935
2327,1515
2328,1515
2329,1515
2330,362,22
2331,608,1100
2332,369,324
2333,1515
2334,1515
2335,1515
2336,260,1398
2337,1515
2338,608,1100
2339,1515
2340,1515
2341,1515
2342,1515
2343,608,1100
2344,1515
2345,260,1410
2346,1515
2347,1515
2348,1515
2349,260,935
2350,1515
2351,1515
2352,1515
2353,1515
2354,1515
2355,1515
2356,1515
2357,324,464
2358,1515
2359,260,1398
2360,1515
2361,1515
2362,1515
2363,1515
2364,1515
2365,1515
2366,1515
2367,1515
2368,1515
2369,324,935
2370,260,1398
2371,1515
2372,1515
2373,832,260
2374,1515
2375,585,469
2376,1515
2377,1515
2378,260,751
2379,260,1398
2380,608,1100
2381,260,935
2382,1515
2383,1515
2384,1515
2385,1515
2386,1005,480
2387,260,1398
2388,1515
2389,1515
2390,1515
2391,1515
2392,1515
2393,1515
2394,1515
2395,1515
2396,585,260
2397,260,464
2398,1021,913
2399,260,935
2400,1515
2401,369,608
2402,1515
2403,1515
2404,1515
2405,832,260
2406,1515
2407,1515
2408,1515
2409,1515
2410,608,1100
2411,832,260
2412,585,469
2413,260,1410
2414,1515
2415,810,324
2416,1515
2417,260,1100
2418,260,464
2419,260,935
2420,1515
2421,608,1100
2422,1515
2423,1515
2424,1515
2425,184,324
2426,260,935
2427,1515
2428,260,1410
2429,1515
2430,1515
2431,1515
2432,1515
2433,608,1100
2434,1515
2435,1515
2436,1515
2437,1515
2438,1515
2439,1515
2440,260,935
2441,1515
2442,1515
2443,1515
2444,469,712
2445,1515
2446,1515
2447,260,935
2448,608,1100
2449,585,260
2450,1515
2451,1515
2452,260,1343
2453,1515
2454,1515
2455,260,464
2456,1515
2457,260,935
2458,1515
2459,608,1100
2460,1515
2461,1515
2462,608,158
2463,832,260
2464,585,469
2465,1515
2466,1515
2467,608,1409
2468,1515
2469,832,260
2470,1515
2471,1515
2472,260,464
2473,608,1100
2474,1515
2475,608,1100
2476,1515
2477,1515
2478,1515
2479,324,1410
2480,1515
2481,1515
2482,832,260
2483,1515
2484,810,324
2485,1515
2486,260,1398
2487,260,464
2488,608,1100
2489,1515
2490,1515
2491,832,260
2492,324,464
2493,1515
2494,1515
2495,585,260
2496,608,1100
2497,832,260
2498,1515
2499,1515
2500,260,1398
2501,1515
2502,1515
2503,1515
2504,1515
2505,1515
2506,1515
2507,1515
2508,1515
2509,1515
2510,260,935
2511,369,324
2512,260,464
2513,832,260
2514,1515
2515,1515
2516,1515
2517,608,1100
2518,260,900
2519,260,935
2520,1515
2521,1515
2522,1515
2523,1515
2524,1515
2525,608,1100
2526,1515
2527,1515
2528,1515
2529,1515
2530,260,1100
2531,260,935
2532,1515
2533,1515
2534,608,1100
2535,1515
2536,1515
2537,1515
2538,260,935
2539,585,260
2540,608,1100
2541,1515
2542,1515
2543,260,1410
2544,1515
2545,369,324
2546,260,647
2547,832,260
2548,260,464
2549,608,1100
2550,1515
2551,1515
2552,1515
2553,1515
2554,608,1100
2555,324,464
2556,1515
2557,1515
2558,1515
2559,1515
2560,1515
2561,1515
2562,1515
2563,1515
2564,184,469
2565,1515
2566,1515
2567,260,1410
2568,585,469
2569,832,260
2570,324,1410
2571,1515
2572,608,1100
2573,608,1100
2574,1515
2575,608,1100
2576,1515
2577,585,260
2578,1515
2579,1515
2580,832,260
2581,1515
2582,810,324
2583,1515
2584,1515
2585,260,1100
2586,608,1100
2587,260,464
2588,1515
2589,1515
2590,832,260
2591,1515
2592,1515
2593,1515
2594,1515
2595,1515
2596,585,260
2597,608,1100
2598,1515
2599,608,1100
2600,1515
2601,1515
2602,324,464
2603,1515
2604,260,935
2605,832,260
2606,1515
2607,1515
2608,608,1100
2609,1515
2610,1515
2611,1515
2612,1515
2613,608,1100
2614,1515
2615,1515
2616,324,935
2617,1515
2618,1515
2619,1515
2620,608,1100
2621,1515
2622,810,324
2623,832,260
2624,608,1100
2625,324,464
2626,1515
2627,1515
2628,324,1410
2629,1515
2630,1515
2631,608,1100
2632,1515
2633,1515
2634,585,469
2635,1515
2636,585,469
2637,260,1398
2638,585,260
2639,810,324
2640,1515
2641,1515
2642,585,469
2643,260,464
2644,585,260
2645,1515
2646,1515
2647,1515
2648,1515
2649,608,1100
2650,1515
2651,1515
2652,1515
2653,1515
2654,1515
2655,1515
2656,608,1100
2657,832,260
2658,1515
2659,1515
2660,1515
2661,1515
2662,1515
2663,1515
2664,608,1100
2665,260,935
2666,1515
2667,1515
2668,1515
2669,1515
2670,1515
2671,1515
2672,260,1398
2673,260,464
2674,260,464
2675,1515
2676,1515
2677,810,324
2678,608,1100
2679,1515
2680,1515
2681,585,260
2682,585,608
2683,324,935
2684,1515
2685,1515
2686,1515
2687,1515
2688,1515
2689,176,200
2690,260,1398
2691,1515
2692,1515
2693,832,260
2694,1515
2695,608,1100
2696,1515
2697,324,464
2698,260,935
2699,260,464
2700,608,1100
2701,1515
2702,608,1100
2703,1515
2704,585,469
2705,1515
2706,260,900
2707,608,1100
2708,260,935
2709,1515
2710,1515
2711,1515
2712,1515
2713,1515
2714,832,260
2715,324,464
2716,260,464
2717,1515
2718,1515
2719,260,464
2720,1515
2721,585,260
2722,1515
2723,324,464
2724,585,260
2725,1515
2726,585,260
2727,260,464
2728,1515
2729,1515
2730,1515
2731,1515
2732,1515
2733,324,375
2734,1515
2735,1515
2736,260,464
2737,608,1100
2738,608,1179
2739,260,464
2740,1515
2741,260,935
2742,1515
2743,1515
2744,1515
2745,1515
2746,1515
2747,585,608
2748,832,260
2749,1515
2750,1515
2751,1515
2752,832,260
2753,369,1021
2754,608,1100
2755,1515
2756,1515
2757,1515
2758,810,324
2759,1515
2760,1515
2761,324,935
2762,1515
2763,1515
2764,1515
2765,1515
2766,1515
2767,1515
2768,1515
2769,1515
2770,1515
2771,369,1021
2772,1515
2773,324,375
2774,585,260
2775,608,1100
2776,608,1179
2777,260,1410
2778,1515
2779,1515
2780,1515
2781,1515
2782,1515
2783,1515
2784,1515
2785,608,1100
2786,324,1398
2787,1515
2788,1515
2789,1515
2790,1515
2791,1515
2792,1515
2793,608,1100
2794,1515
2795,1515
2796,585,260
2797,1515
2798,608,1100
2799,1515
2800,608,1100
2801,1515
2802,260,464
2803,260,1100
2804,608,1179
2805,1515
2806,1515
2807,260,935
2808,1515
2809,1515
2810,1515
2811,1515
2812,1515
2813,184,698
2814,832,260
2815,608,1100
2816,608,1100
2817,260,935
2818,1515
2819,608,1100
2820,1515
2821,1515
2822,1515
2823,1515
2824,260,1410
2825,1515
2826,1021,913
2827,1515
2828,1515
2829,1515
2830,608,1409
2831,1515
2832,810,324
2833,608,1409
2834,1515
2835,1515
2836,1515
2837,1515
2838,608,1100
2839,1515
2840,810,324
2841,832,260
2842,585,260
2843,1515
2844,260,935
2845,1515
2846,1515
2847,1515
2848,260,935
2849,260,935
2850,1515
2851,1515
2852,1515
2853,1515
2854,1515
2855,369,1021
2856,1515
2857,260,1398
2858,1515
2859,469,913
2860,1515
2861,1515
2862,585,260
2863,832,260
2864,1515
2865,608,1100
2866,585,469
2867,832,260
2868,1515
2869,260,1343
2870,1515
2871,1515
2872,1515
2873,1515
2874,1515
2875,1515
2876,1515
2877,1515
2878,1515
2879,1515
2880,1515
2881,1515
2882,1515
2883,324,464
2884,1515
2885,1515
2886,1515
2887,260,1398
2888,1515
2889,608,1100
2890,1515
2891,260,1100
2892,1515
2893,1515
2894,1515
2895,832,260
2896,1515
2897,1515
2898,832,260
2899,1515
2900,1515
2901,1515
2902,1515
2903,1515
2904,1515
2905,260,464
2906,1515
2907,1515
2908,1515
2909,1515
2910,832,260
2911,832,260
2912,184,698
2913,608,1100
2914,1515
2915,1515
2916,1515
2917,608,1100
2918,1515
2919,1515
2920,585,260
2921,1515
2922,1515
2923,1515
2924,260,464
2925,260,1410
2926,585,469
2927,1515
2928,1515
2929,585,469
2930,260,935
2931,1515
2932,1515
2933,1515
2934,1515
2935,1515
2936,324,1398
2937,260,900
2938,1515
2939,1515
2940,260,464
2941,585,260
2942,1515
2943,1515
2944,1515
2945,1515
2946,260,1410
2947,608,1100
2948,1515
2949,1515
2950,1515
2951,1515
2952,1515
2953,1515
2954,260,935
2955,608,1100
2956,1515
2957,832,260
2958,608,1100
2959,1515
2960,1515
2961,1515
2962,1515
2963,1515
2964,810,324
2965,260,464
2966,260,1410
2967,260,935
2968,1515
2969,1515
2970,1515
2971,608,1100
2972,1515
2973,608,1100
2974,608,1100
2975,1515
2976,585,260
2977,1515
2978,1515
2979,1515
2980,1515
2981,1515
2982,324
2983,324,935
2984,260,464
2985,260,464
2986,1515
2987,608,1100
2988,260,935
2989,260,1410
2990,585,260
2991,1515
2992,1515
2993,1515
2994,1515
2995,1515
2996,1515
2997,1515
2998,585,469
2999,369,608
3000,1515
3001,585,260
3002,608,1100
3003,324,1410
3004,832,260
3005,1515
3006,324,935
3007,1515
3008,1515
3009,1515
3010,585,469
3011,1515
3012,1515
3013,608,1100
3014,260,464
3015,1515
3016,1515
3017,1515
3018,608,1100
3019,260,464
3020,608,1100
3021,1515
3022,1515
3023,1515
3024,1515
3025,1515
3026,1515
3027,1515
3028,1515
3029,608,1100
3030,1515
3031,1515
3032,1515
3033,1515
3034,1515
3035,608,1100
3036,1515
3037,1515
3038,608,1100
3039,608,1100
3040,585,469
3041,324,464
3042,1515
3043,1515
3044,585,260
3045,608,1179
3046,1515
3047,832,260
3048,260,935
3049,832,260
3050,1515
3051,260,900
3052,1515
3053,1515
3054,1515
3055,1515
3056,260,900
3057,1515
3058,585,469
3059,1515
3060,810,324
3061,1515
3062,810,324
3063,324,935
3064,608,1100
3065,1515
3066,608,1100
3067,1515
3068,1515
3069,1515
3070,1515
3071,1515
3072,1515
3073,608,1100
3074,324,935
3075,1515
3076,1515
3077,1515
3078,1515
3079,1515
3080,608,1409
3081,810,324
3082,608,1100
3083,1515
3084,608,1100
3085,1515
3086,1515
3087,1515
3088,1515
3089,1515
3090,1515
3091,585,260
3092,1515
3093,832,260
3094,608,1100
3095,1515
3096,260,935
3097,1515
3098,585,469
3099,1515
3100,832,260
3101,1515
3102,260,900
3103,260,935
3104,1515
3105,1515
3106,1515
3107,1515
3108,608,1100
3109,832,260
3110,324,935
3111,608,1100
3112,1515
3113,1515
3114,608,1100
3115,260,900
3116,1515
3117,1515
3118,1515
3119,1515
3120,1515
3121,1515
3122,1515
3123,1515
3124,1515
3125,1515
3126,260,464
3127,1515
3128,608,1100
3129,1515
3130,369,1021
3131,1515
3132,832,260
3133,1515
3134,1515
3135,1515
3136,585,469
3137,1515
3138,608,1100
3139,260,1100
3140,1515
3141,1515
3142,1515
3143,1515
3144,184
3145,260,464
3146,608,1100
3147,324,935
3148,1515
3149,260,935
3150,1515
3151,1515
3152,608,1409
3153,260,1398
3154,585,469
3155,1515
3156,822,230
3157,608,1100
3158,1515
3159,1515
3160,1515
3161,585,260
3162,324
3163,585,260
3164,1515
3165,1515
3166,608,1100
3167,260,935
3168,260,935
3169,1515
3170,260,935
3171,832,260
3172,1515
3173,1515
3174,1515
3175,1515
3176,1515
3177,1515
3178,260,935
3179,1515
3180,1515
3181,1005,1347
3182,1515
3183,608,1100
3184,1515
3185,608,1100
3186,260,935
3187,1515
3188,1515
3189,1515
3190,1515
3191,1515
3192,260,464
3193,608,1100
3194,1515
3195,1515
3196,1515
3197,1515
3198,1515
3199,1515
3200,1515
3201,1515
3202,1515
3203,1515
3204,1515
3205,608,1100
3206,1515
3207,1515
3208,810,324
3209,1515
3210,608,1100
3211,1515
3212,1515
3213,324,1398
3214,1515
3215,1021,913
3216,832,260
3217,608,1100
3218,1515
3219,1515
3220,1515
3221,585,260
3222,1515
3223,1515
3224,1515
3225,585,608
3226,608,1100
3227,1515
3228,608,1409
3229,1515
3230,1515
3231,1515
3232,1515
3233,608,1100
3234,1515
3235,832,260
3236,608,1100
3237,608,1100
3238,1515
3239,608,1100
3240,1515
3241,1515
3242,324,464
3243,260,1398
3244,1515
3245,1515
3246,260,935
3247,1515
3248,1515
3249,1515
3250,1515
3251,260,464
3252,1515
3253,1515
3254,1515
3255,585,469
3256,608,1100
3257,1515
3258,260,464
3259,608,1100
3260,1515
3261,260,1398
3262,260,1398
3263,1515
3264,260,900
3265,1515
3266,1515
3267,369,1021
3268,369,1021
3269,1515
3270,1515
3271,1515
3272,608,1100
3273,1515
3274,260,935
3275,260,1410
3276,1515
3277,608,1100
3278,260,1410
3279,324,464
3280,1515
3281,1515
3282,1021,913
3283,260,464
3284,1515
3285,608,1179
3286,1515
3287,1515
3288,1515
3289,1515
3290,1515
3291,324,464
3292,260,900
3293,260,464
3294,260,1398
3295,1515
3296,585,260
3297,1515
3298,1515
3299,810,324
3300,1515
3301,832,260
3302,324,935
3303,1515
3304,1515
3305,260,935
3306,1515
3307,1515
3308,1515
3309,1515
3310,585,260
3311,1515
3312,1515
3313,1515
3314,832,260
3315,608,1409
3316,1515
3317,1515
3318,1515
3319,1515
3320,1515
3321,1515
3322,1515
3323,810,324
3324,1515
3325,260,1398
3326,460,58
3327,1515
3328,585,260
3329,1515
3330,585,469
3331,260,464
3332,1515
3333,832,260
3334,369,1021
3335,1515
3336,1515
3337,1515
3338,1515
3339,324,935
3340,324,464
3341,608,1100
3342,832,260
3343,608,1100
3344,1515
3345,324,1410
3346,469,913
3347,1515
3348,585,469
3349,1515
3350,608,1100
3351,1515
3352,1515
3353,1515
3354,1515
3355,260,900
3356,608,1100
3357,1515
3358,1515
3359,1515
3360,1515
3361,1515
3362,1515
3363,1515
3364,260,464
3365,585,260
3366,1515
3367,1515
3368,1515
3369,608,1100
3370,324,1410
3371,1515
3372,260,282
3373,1515
3374,324,464
3375,608,1179
3376,1515
3377,1515
3378,832,260
3379,608,1100
3380,1515
3381,608,1100
3382,1515
3383,585,260
3384,1515
3385,1515
3386,1515
3387,1515
3388,260,935
3389,324,1410
3390,1515
3391,1515
3392,1515
3393,1515
3394,469,913
3395,810,324
3396,832,260
3397,1515
3398,608,1100
3399,1515
3400,260,935
3401,1515
3402,608,1100
3403,1515
3404,832,709
3405,608,1100
3406,1515
3407,1515
3408,1515
3409,1515
3410,1515
3411,1515
3412,1515
3413,1515
3414,1515
3415,585,260
3416,608,1100
3417,1515
3418,1515
3419,260,1398
3420,1515
3421,324,1410
3422,324,1410
3423,1515
3424,585,260
3425,1515
3426,608,1100
3427,585,469
3428,608,1100
3429,1515
3430,324,1398
3431,324,464
3432,1515
3433,1515
3434,1515
3435,1515
3436,1515
3437,810,324
3438,1515
3439,1515
3440,1515
3441,1515
3442,1515
3443,1515
3444,1515
3445,260,1410
3446,1515
3447,1515
3448,1005,1347
3449,1515
3450,369,1021
3451,1021,913
3452,260,900
3453,1515
3454,1515
3455,1515
3456,324,1410
3457,1515
3458,1515
3459,608,1100
3460,1515
3461,608,1100
3462,1515
3463,324,1410
3464,260,464
3465,1515
3466,260,464
3467,585,469
3468,1515
3469,1515
3470,369,324
3471,715,260
3472,608,1179
3473,1515
3474,324,935
3475,260,464
3476,1515
3477,1515
3478,1515
3479,608,1100
3480,1515
3481,1515
3482,1515
3483,1515
3484,1515
3485,1515
3486,1515
3487,832,260
3488,1515
3489,1515
3490,324,1410
3491,260,935
3492,1515
3493,1515
3494,324,1398
3495,260,1398
3496,608,1100
3497,1515
3498,1515
3499,1515
3500,1515
3501,1515
3502,260,1410
3503,608,1100
3504,608,888
3505,369,1021
3506,1515
3507,1515
3508,608,1100
3509,260,935
3510,1515
3511,585,260
3512,469,913
3513,1515
3514,608,1100
3515,260,935
3516,1515
3517,585,260
3518,608,1100
3519,1515
3520,608,785
3521,324
3522,608,1179
3523,469,913
3524,608,1100
3525,1515
3526,260,1100
3527,1515
3528,1515
3529,1515
3530,1515
3531,1515
3532,1515
3533,1515
3534,585,260
3535,1515
3536,1515
3537,608,1100
3538,608,1100
3539,1515
3540,1515
3541,1515
3542,1515
3543,1515
3544,832,260
3545,608,1100
3546,1515
3547,1515
3548,1515
3549,832,260
3550,1515
3551,608,1100
3552,608,1100
3553,1515
3554,260,935
3555,1515
3556,1515
3557,1515
3558,1515
3559,184,469
3560,585,469
3561,260,282
3562,1515
3563,585,260
3564,260,1398
3565,1515
3566,1515
3567,810,324
3568,1515
3569,260,935
3570,1515
3571,324,1410
3572,1515
3573,1515
3574,260,1410
3575,260,1410
3576,260,935
3577,608,1100
3578,1515
3579,1515
3580,260,935
3581,260,1398
3582,1515
3583,1515
3584,1515
3585,608,1100
3586,608,1100
3587,1515
3588,1515
3589,585,469
3590,1515
3591,1515
3592,608,1100
3593,1515
3594,1515
3595,1515
3596,608,1100
3597,810,324
3598,1177,1078
3599,1515
3600,1515
3601,260,935
3602,260,1100
3603,1515
3604,1515
3605,1515
3606,1515
3607,260,1398
3608,1515
3609,1515
3610,1515
3611,260,900
3612,469,913
3613,1515
3614,260,900
3615,260,935
3616,608,1100
3617,608,1100
3618,369,1021
3619,260,1398
3620,260,1398
3621,608,1409
3622,608,1100
3623,608,1100
3624,260,464
3625,1515
3626,369,1021
3627,1515
3628,1515
3629,260,935
3630,1515
3631,1515
3632,1515
3633,1515
3634,1515
3635,608,1100
3636,608,1179
3637,324,464
3638,1515
3639,585,260
3640,1515
3641,1515
3642,184,469
3643,1515
3644,1515
3645,1515
3646,832,260
3647,1515
3648,1515
3649,832,260
3650,608,1100
3651,810,324
3652,260,935
3653,362,22
3654,1515
3655,1515
3656,1515
3657,585,469
3658,810,324
3659,1515
3660,1515
3661,1515
3662,469,913
3663,608,1179
3664,260,900
3665,260,464
3666,1515
3667,1515
3668,1515
3669,1515
3670,1515
3671,608,1100
3672,1515
3673,1515
3674,1515
3675,1515
3676,1515
3677,608,1100
3678,1515
3679,1515
3680,1515
3681,585,260
3682,1515
3683,1515
3684,1515
3685,1515
3686,1515
3687,1515
3688,1515
3689,832,260
3690,1515
3691,1515
3692,1515
3693,260,935
3694,1515
3695,1515
3696,260,935
3697,260,1398
3698,260,282
3699,260,464
3700,1515
3701,260,464
3702,260,464
3703,810,324
3704,608,1100
3705,324,464
3706,608,1409
3707,1515
3708,1515
3709,260,935
3710,832,260
3711,469,913
3712,1515
3713,608,491
3714,324,935
3715,1515
3716,1515
3717,1515
3718,1515
3719,1515
3720,1515
3721,1515
3722,260,935
3723,585,469
3724,1515
3725,260,464
3726,1515
3727,1515
3728,1515
3729,832,260
3730,260,282
3731,184
3732,1515
3733,1515
3734,608,1100
3735,608,1100
3736,1515
3737,608,1100
3738,19,370
3739,324,464
3740,1515
3741,832,260
3742,1515
3743,608,1100
3744,260,464
3745,260,1410
3746,608,1100
3747,260,1398
3748,1515
3749,1515
3750,1515
3751,260,935
3752,260,464
3753,1515
3754,1515
3755,608,1100
3756,1496,324
3757,1515
3758,1515
3759,1515
3760,1515
3761,1515
3762,260,464
3763,608,1100
3764,1515
3765,1515
3766,1515
3767,1515
3768,1515
3769,1515
3770,1515
3771,608,1100
3772,608,1100
3773,1515
3774,1515
3775,608,1100
3776,369,324
3777,1515
3778,1515
3779,608,1100
3780,1515
3781,608,1100
3782,184,698
3783,260,935
3784,1515
3785,260,464
3786,1515
3787,1515
3788,1515
3789,324,1410
3790,324,935
3791,1515
3792,1515
3793,369,1021
3794,1515
3795,1515
3796,1515
3797,1515
3798,585,260
3799,1515
3800,608,1100
3801,1515
3802,324,464
3803,1515
3804,1515
3805,608,1100
3806,1515
3807,1515
3808,1515
3809,608,765
3810,260,935
3811,832,260
3812,260,935
3813,324,935
3814,1515
3815,608,1100
3816,1515
3817,1515
3818,1515
3819,369,324
3820,1515
3821,608,1100
3822,1515
3823,1515
3824,1515
3825,608,788
3826,810,324
3827,1515
3828,585,260
3829,1515
3830,469,913
3831,1515
3832,1515
3833,260,935
3834,324,464
3835,1515
3836,260,464
3837,1515
3838,369,324
3839,1515
3840,1515
3841,1515
3842,1515
3843,608,1100
3844,1515
3845,260,1398
3846,608,1100
3847,1515
3848,260,1297
3849,260,464
3850,832,260
3851,260,1398
3852,1515
3853,1515
3854,1515
3855,260,1410
3856,1515
3857,608,1100
3858,1515
3859,608,1100
3860,585,469
3861,1515
3862,1515
3863,1515
3864,810,324
3865,1515
3866,1515
3867,1515
3868,1515
3869,1515
3870,608,1100
3871,260,1410
3872,1515
3873,1515
3874,1515
3875,608,1100
3876,1515
3877,1177,1078
3878,260,1398
3879,362,480
3880,1515
3881,832,260
3882,1515
3883,1515
3884,260,935
3885,832,260
3886,608,1100
3887,324,900
3888,1515
3889,1515
3890,1515
3891,1515
3892,608,1100
3893,1515
3894,608,1100
3895,832,260
3896,1515
3897,324,935
3898,260,464
3899,1515
3900,832,260
3901,260,464
3902,1021,913
3903,1515
3904,585,260
3905,608,1100
3906,1515
3907,1515
3908,1515
3909,1515
3910,832,260
3911,1515
3912,1515
3913,608,1100
3914,585,260
3915,1515
3916,608,1100
3917,585,469
3918,1515
3919,1515
3920,260,464
3921,1515
3922,1515
3923,260,464
3924,1515
3925,369,324
3926,260,464
3927,608,1100
3928,1515
3929,608,1100
3930,608,1100
3931,1515
3932,1515
3933,469,913
3934,1515
3935,1515
3936,832,260
3937,1515
3938,1515
3939,608,1100
3940,1515
3941,1515
3942,832,260
3943,1515
3944,260,1398
3945,1515
3946,608,1100
3947,1515
3948,608,1100
3949,1515
3950,260,1410
3951,832,260
3952,369,324
3953,1515
3954,260,464
3955,608,1100
3956,1515
3957,1515
3958,1515
3959,1515
3960,260,1100
3961,1515
3962,832,260
3963,585,469
3964,608,1100
3965,1515
3966,1515
3967,260,464
3968,1515
3969,608,785
3970,585,469
3971,608,1409
3972,1515
3973,1515
3974,608,1100
3975,585,469
3976,184,469
3977,260,900
3978,184,260
3979,1068,25
3980,1515
3981,1515
3982,260,935
3983,608,1179
3984,1515
3985,1515
3986,608,1100
3987,832,260
3988,324,1398
3989,1515
3990,260,900
3991,1515
3992,1515
3993,608,1179
3994,260,464
3995,1515
3996,608,1100
3997,260,935
3998,1515
3999,469,913
4000,1515
4001,1515
4002,1515
4003,1515
4004,1515
4005,810,324
4006,260,935
4007,1515
4008,260,935
4009,1515
4010,608,1100
4011,1515
4012,1515
4013,1515
4014,1515
4015,324,273
4016,1515
4017,1515
4018,608,1100
4019,1515
4020,1515
4021,1515
4022,1515
4023,1515
4024,1515
4025,1515
4026,608,1100
4027,1515
4028,1515
4029,1515
4030,184,698
4031,324,935
4032,608,1409
4033,1515
4034,608,1100
4035,608,1100
4036,1515
4037,1515
4038,260,900
4039,369,324
4040,608,1100
4041,1515
4042,1515
4043,832,260
4044,832,260
4045,608,765
4046,324,1398
4047,608,1179
4048,608,1100
4049,1515
4050,1515
4051,260,1398
4052,810,324
4053,832,260
4054,184,698
4055,1515
4056,832,260
4057,1515
4058,585,469
4059,324,935
4060,260,464
4061,260,464
4062,1515
4063,1515
4064,585,260
4065,1515
4066,1515
4067,19,370
4068,608,1100
4069,832,709
4070,1515
4071,1515
4072,1515
4073,1515
4074,1515
4075,1515
4076,1515
4077,608,1100
4078,324,935
4079,1515
4080,260,1410
4081,608,1100
4082,260,464
4083,1515
4084,1515
4085,1515
4086,608,1100
4087,608,1100
4088,1515
4089,1515
4090,608,1179
4091,1515
4092,1515
4093,1515
4094,1515
4095,1515
4096,324,935
4097,1515
4098,1515
4099,1515
4100,1515
4101,608,1100
4102,608,1100
4103,1515
4104,1515
4105,1515
4106,1515
4107,832,260
4108,608,1100
4109,608,1100
4110,1515
4111,1515
4112,1515
4113,260,464
4114,1515
4115,1515
4116,1496,324
4117,260,935
4118,1515
4119,1515
4120,1515
4121,1515
4122,1515
4123,1515
4124,1515
4125,1515
4126,260,935
4127,1515
4128,260,935
4129,832,260
4130,810,324
4131,1515
4132,324,935
4133,608,1100
4134,1515
4135,1515
4136,1515
4137,585,260
4138,1515
4139,832,260
4140,810,324
4141,324,935
4142,1096,370
4143,608,491
4144,608,1100
4145,260,935
4146,585,469
4147,832,260
4148,1515
4149,585,260
4150,832,260
4151,324,1410
4152,1515
4153,832,260
4154,260,1398
4155,1515
4156,608,1100
4157,585,260
4158,1515
4159,324,900
4160,1515
4161,460,66
4162,1515
4163,1515
4164,1515
4165,1515
4166,324,1398
4167,608,1100
4168,369,324
4169,1515
4170,1515
4171,832,260
4172,1515
4173,260,1398
4174,832,260
4175,1515
4176,1515
4177,608,1100
4178,1515
4179,608,1100
4180,608,1100
4181,1515
4182,608,1100
4183,260,464
4184,260,1398
4185,1515
4186,1515
4187,1515
4188,608,1100
4189,260,935
4190,608,1100
4191,585,469
4192,832,260
4193,1515
4194,469,913
4195,1515
4196,1515
4197,1515
4198,1515
4199,1515
4200,1515
4201,1515
4202,260,935
4203,1515
4204,608,1100
